date,datetime,cash_type,card,money,coffee_name
3/1/24,15:50.5,card,ANON-0000-0000-0001,38.7,Latte
3/1/24,19:22.5,card,ANON-0000-0000-0002,38.7,Hot Chocolate
3/1/24,20:18.1,card,ANON-0000-0000-0002,38.7,Hot Chocolate
3/1/24,46:33.0,card,ANON-0000-0000-0003,28.9,Americano
3/1/24,48:14.6,card,ANON-0000-0000-0004,38.7,Latte
3/1/24,39:47.7,card,ANON-0000-0000-0005,33.8,Americano with Milk
3/1/24,19:02.8,card,ANON-0000-0000-0006,38.7,Hot Chocolate
3/1/24,39:03.6,card,ANON-0000-0000-0007,33.8,Americano with Milk
3/1/24,22:01.8,card,ANON-0000-0000-0008,38.7,Cocoa
3/1/24,23:15.9,card,ANON-0000-0000-0008,33.8,Americano with Milk
3/1/24,29:17.4,card,ANON-0000-0000-0009,33.8,Americano with Milk
3/2/24,22:07.0,card,ANON-0000-0000-0010,28.9,Americano
3/2/24,30:35.7,cash,,40,Latte
3/2/24,41:41.2,card,ANON-0000-0000-0011,33.8,Americano with Milk
3/2/24,59:45.5,card,ANON-0000-0000-0012,33.8,Americano with Milk
3/2/24,38:35.5,card,ANON-0000-0000-0013,28.9,Americano
3/2/24,37:24.5,card,ANON-0000-0000-0014,33.8,Americano with Milk
3/2/24,34:55.0,card,ANON-0000-0000-0004,28.9,Americano
3/3/24,10:44.0,cash,,40,Latte
3/3/24,27:18.6,card,ANON-0000-0000-0015,38.7,Latte
3/3/24,33:56.1,card,ANON-0000-0000-0016,28.9,Cortado
3/3/24,26:56.1,card,ANON-0000-0000-0012,28.9,Americano
3/3/24,09:36.3,card,ANON-0000-0000-0017,38.7,Hot Chocolate
3/3/24,06:40.3,card,ANON-0000-0000-0018,38.7,Cocoa
3/3/24,08:45.9,card,ANON-0000-0000-0019,28.9,Cortado
3/3/24,03:23.4,card,ANON-0000-0000-0020,33.8,Americano with Milk
3/3/24,04:27.9,card,ANON-0000-0000-0020,33.8,Americano with Milk
3/3/24,08:05.0,card,ANON-0000-0000-0020,38.7,Hot Chocolate
3/4/24,03:52.0,card,ANON-0000-0000-0001,38.7,Latte
3/4/24,54:51.0,card,ANON-0000-0000-0021,38.7,Latte
3/4/24,05:16.2,card,ANON-0000-0000-0012,33.8,Americano with Milk
3/4/24,04:37.7,card,ANON-0000-0000-0022,24,Espresso
3/5/24,59:52.7,card,ANON-0000-0000-0001,38.7,Latte
3/5/24,34:56.0,card,ANON-0000-0000-0023,38.7,Latte
3/5/24,34:06.0,card,ANON-0000-0000-0024,38.7,Latte
3/5/24,35:25.0,card,ANON-0000-0000-0025,38.7,Hot Chocolate
3/5/24,36:28.6,card,ANON-0000-0000-0026,38.7,Cocoa
3/5/24,37:13.7,card,ANON-0000-0000-0027,38.7,Hot Chocolate
3/5/24,38:09.4,card,ANON-0000-0000-0009,38.7,Hot Chocolate
3/5/24,56:15.8,card,ANON-0000-0000-0028,28.9,Cortado
3/5/24,01:31.2,card,ANON-0000-0000-0028,38.7,Hot Chocolate
3/6/24,30:27.1,cash,,35,Americano with Milk
3/6/24,24:07.7,card,ANON-0000-0000-0012,28.9,Americano
3/6/24,25:14.4,card,ANON-0000-0000-0012,28.9,Cortado
3/6/24,52:01.8,card,ANON-0000-0000-0029,38.7,Cappuccino
3/6/24,53:18.3,card,ANON-0000-0000-0029,38.7,Cappuccino
3/7/24,08:58.9,cash,,40,Latte
3/7/24,18:40.5,card,ANON-0000-0000-0030,38.7,Hot Chocolate
3/7/24,03:59.0,card,ANON-0000-0000-0031,38.7,Latte
3/7/24,25:44.0,cash,,40,Latte
3/7/24,40:22.6,card,ANON-0000-0000-0032,28.9,Americano
3/7/24,41:28.8,card,ANON-0000-0000-0033,33.8,Americano with Milk
3/8/24,34:41.3,card,ANON-0000-0000-0012,28.9,Cortado
3/8/24,22:28.7,card,ANON-0000-0000-0034,38.7,Cappuccino
3/8/24,53:02.0,card,ANON-0000-0000-0035,28.9,Americano
3/8/24,44:12.7,card,ANON-0000-0000-0012,28.9,Americano
3/8/24,45:11.0,card,ANON-0000-0000-0033,28.9,Americano
3/8/24,46:11.2,card,ANON-0000-0000-0012,33.8,Americano with Milk
3/8/24,57:51.5,card,ANON-0000-0000-0036,38.7,Latte
3/8/24,59:24.9,card,ANON-0000-0000-0037,38.7,Latte
3/9/24,49:37.3,cash,,40,Hot Chocolate
3/9/24,05:15.6,card,ANON-0000-0000-0038,24,Espresso
3/9/24,07:38.3,card,ANON-0000-0000-0039,28.9,Americano
3/9/24,09:47.7,card,ANON-0000-0000-0012,38.7,Cappuccino
3/9/24,13:03.5,card,ANON-0000-0000-0040,28.9,Americano
3/9/24,14:26.5,card,ANON-0000-0000-0040,28.9,Americano
3/9/24,09:22.2,card,ANON-0000-0000-0041,38.7,Latte
3/9/24,41:06.2,card,ANON-0000-0000-0042,33.8,Americano with Milk
3/9/24,53:10.4,card,ANON-0000-0000-0043,28.9,Cortado
3/9/24,54:36.8,card,ANON-0000-0000-0043,38.7,Cappuccino
3/9/24,08:01.8,card,ANON-0000-0000-0009,33.8,Americano with Milk
3/9/24,26:52.9,card,ANON-0000-0000-0044,38.7,Hot Chocolate
3/9/24,17:57.6,card,ANON-0000-0000-0009,38.7,Cappuccino
3/9/24,19:10.1,card,ANON-0000-0000-0009,38.7,Hot Chocolate
3/10/24,44:18.5,cash,,30,Americano
3/10/24,45:29.4,cash,,35,Americano with Milk
3/10/24,06:03.0,cash,,40,Latte
3/10/24,19:20.8,card,ANON-0000-0000-0045,24,Espresso
3/10/24,51:03.0,cash,,35,Americano with Milk
3/10/24,34:00.5,card,ANON-0000-0000-0046,38.7,Latte
3/10/24,35:54.7,card,ANON-0000-0000-0046,28.9,Cortado
3/11/24,18:46.7,cash,,40,Latte
3/11/24,24:15.0,cash,,40,Cappuccino
3/11/24,24:51.6,cash,,30,Cortado
3/11/24,26:44.2,cash,,30,Americano
3/11/24,32:58.8,card,ANON-0000-0000-0035,38.7,Cappuccino
3/11/24,24:26.4,card,ANON-0000-0000-0047,28.9,Americano
3/11/24,25:45.7,card,ANON-0000-0000-0047,38.7,Latte
3/11/24,50:49.6,card,ANON-0000-0000-0048,28.9,Cortado
3/12/24,15:00.3,cash,,40,Latte
3/12/24,15:34.5,card,ANON-0000-0000-0033,28.9,Americano
3/12/24,16:24.9,card,ANON-0000-0000-0033,28.9,Cortado
3/12/24,20:45.6,card,ANON-0000-0000-0049,38.7,Hot Chocolate
3/12/24,46:23.3,card,ANON-0000-0000-0004,33.8,Americano with Milk
3/12/24,47:26.0,card,ANON-0000-0000-0004,28.9,Americano
3/12/24,15:43.3,card,ANON-0000-0000-0050,28.9,Americano
3/13/24,06:43.0,card,ANON-0000-0000-0048,38.7,Hot Chocolate
3/13/24,48:16.8,card,ANON-0000-0000-0004,28.9,Americano
3/13/24,18:06.3,card,ANON-0000-0000-0051,28.9,Americano
3/13/24,19:05.1,card,ANON-0000-0000-0051,28.9,Americano
3/13/24,34:30.3,cash,,25,Espresso
3/13/24,26:40.9,card,ANON-0000-0000-0052,33.8,Americano with Milk
3/13/24,40:22.3,card,ANON-0000-0000-0053,24,Espresso
3/13/24,41:20.4,card,ANON-0000-0000-0053,24,Espresso
3/13/24,47:09.4,card,ANON-0000-0000-0054,24,Espresso
3/14/24,02:12.2,cash,,40,Latte
3/14/24,28:33.0,card,ANON-0000-0000-0055,38.7,Latte
3/14/24,29:34.3,card,ANON-0000-0000-0055,38.7,Hot Chocolate
3/14/24,27:29.5,card,ANON-0000-0000-0012,28.9,Cortado
3/14/24,28:24.5,card,ANON-0000-0000-0012,28.9,Americano
3/14/24,51:59.9,card,ANON-0000-0000-0056,33.8,Americano with Milk
3/14/24,52:56.2,card,ANON-0000-0000-0057,24,Espresso
3/14/24,20:38.4,card,ANON-0000-0000-0058,38.7,Latte
3/14/24,04:09.5,card,ANON-0000-0000-0059,33.8,Americano with Milk
3/14/24,54:38.2,card,ANON-0000-0000-0050,24,Espresso
3/14/24,58:55.9,card,ANON-0000-0000-0019,38.7,Hot Chocolate
3/14/24,00:08.7,card,ANON-0000-0000-0012,28.9,Cortado
3/15/24,02:16.5,cash,,40,Latte
3/15/24,53:02.2,card,ANON-0000-0000-0060,38.7,Hot Chocolate
3/15/24,19:27.9,card,ANON-0000-0000-0012,28.9,Americano
3/16/24,06:55.2,card,ANON-0000-0000-0061,33.8,Americano with Milk
3/16/24,07:53.9,card,ANON-0000-0000-0061,28.9,Americano
3/16/24,58:18.5,card,ANON-0000-0000-0009,28.9,Cortado
3/16/24,03:21.7,card,ANON-0000-0000-0009,28.9,Cortado
3/16/24,04:11.4,card,ANON-0000-0000-0012,28.9,Cortado
3/16/24,58:07.2,card,ANON-0000-0000-0062,33.8,Americano with Milk
3/17/24,10:21.4,cash,,40,Latte
3/17/24,55:26.1,card,ANON-0000-0000-0063,28.9,Cortado
3/18/24,17:59.7,card,ANON-0000-0000-0064,28.9,Cortado
3/18/24,31:39.7,card,ANON-0000-0000-0003,28.9,Americano
3/18/24,32:38.2,card,ANON-0000-0000-0003,28.9,Americano
3/18/24,33:36.7,card,ANON-0000-0000-0003,28.9,Americano
3/19/24,20:26.0,cash,,30,Cortado
3/19/24,02:21.5,card,ANON-0000-0000-0065,38.7,Latte
3/19/24,03:19.8,card,ANON-0000-0000-0065,38.7,Latte
3/19/24,04:36.3,card,ANON-0000-0000-0049,38.7,Hot Chocolate
3/19/24,53:48.7,card,ANON-0000-0000-0066,33.8,Americano with Milk
3/19/24,26:32.7,cash,,40,Hot Chocolate
3/20/24,41:16.4,card,ANON-0000-0000-0012,28.9,Cortado
3/20/24,21:07.7,cash,,40,Latte
3/20/24,30:49.0,card,ANON-0000-0000-0049,28.9,Cortado
3/20/24,16:47.4,card,ANON-0000-0000-0067,38.7,Cappuccino
3/20/24,42:38.1,card,ANON-0000-0000-0050,38.7,Cocoa
3/20/24,50:28.8,card,ANON-0000-0000-0068,38.7,Latte
3/21/24,18:57.0,cash,,40,Cappuccino
3/21/24,25:09.2,card,ANON-0000-0000-0012,28.9,Cortado
3/21/24,26:17.4,card,ANON-0000-0000-0012,38.7,Cappuccino
3/21/24,21:01.5,cash,,30,Americano
3/21/24,22:01.4,card,ANON-0000-0000-0012,28.9,Cortado
3/21/24,20:36.5,card,ANON-0000-0000-0069,38.7,Latte
3/22/24,35:53.6,card,ANON-0000-0000-0070,33.8,Americano with Milk
3/22/24,29:20.3,card,ANON-0000-0000-0071,33.8,Americano with Milk
3/22/24,15:14.4,cash,,40,Cappuccino
3/22/24,17:03.7,card,ANON-0000-0000-0012,28.9,Americano
3/22/24,17:59.0,card,ANON-0000-0000-0012,24,Espresso
3/22/24,20:49.5,card,ANON-0000-0000-0050,28.9,Americano
3/23/24,43:59.6,card,ANON-0000-0000-0072,38.7,Latte
3/23/24,45:07.2,card,ANON-0000-0000-0073,33.8,Americano with Milk
3/23/24,10:07.7,card,ANON-0000-0000-0074,38.7,Cappuccino
3/23/24,11:12.2,card,ANON-0000-0000-0074,38.7,Cocoa
3/23/24,44:41.3,card,ANON-0000-0000-0075,33.8,Americano with Milk
3/23/24,47:19.1,card,ANON-0000-0000-0076,38.7,Latte
3/23/24,49:33.8,card,ANON-0000-0000-0076,33.8,Americano with Milk
3/23/24,00:58.4,card,ANON-0000-0000-0009,28.9,Cortado
3/24/24,03:56.0,cash,,40,Latte
3/24/24,45:08.4,card,ANON-0000-0000-0077,38.7,Latte
3/25/24,31:47.2,card,ANON-0000-0000-0009,38.7,Latte
3/25/24,16:25.7,cash,,35,Americano with Milk
3/25/24,27:09.2,card,ANON-0000-0000-0078,38.7,Latte
3/25/24,29:25.3,card,ANON-0000-0000-0017,38.7,Latte
3/25/24,37:30.6,card,ANON-0000-0000-0024,33.8,Americano with Milk
3/25/24,34:24.5,card,ANON-0000-0000-0079,38.7,Cappuccino
3/26/24,35:49.7,card,ANON-0000-0000-0055,38.7,Cocoa
3/26/24,36:36.2,card,ANON-0000-0000-0055,38.7,Latte
3/26/24,42:30.2,card,ANON-0000-0000-0080,38.7,Latte
3/26/24,11:47.3,card,ANON-0000-0000-0009,28.9,Cortado
3/26/24,35:52.8,card,ANON-0000-0000-0003,28.9,Americano
3/26/24,36:49.6,card,ANON-0000-0000-0032,28.9,Cortado
3/26/24,37:59.7,card,ANON-0000-0000-0059,28.9,Cortado
3/26/24,57:53.7,card,ANON-0000-0000-0050,28.9,Americano
3/26/24,48:02.3,card,ANON-0000-0000-0081,38.7,Latte
3/26/24,33:38.6,card,ANON-0000-0000-0024,38.7,Latte
3/26/24,34:54.6,card,ANON-0000-0000-0009,38.7,Hot Chocolate
3/27/24,04:51.2,card,ANON-0000-0000-0003,28.9,Cortado
3/27/24,05:58.2,card,ANON-0000-0000-0003,33.8,Americano with Milk
3/27/24,57:00.5,card,ANON-0000-0000-0082,33.8,Americano with Milk
3/27/24,35:20.0,card,ANON-0000-0000-0083,38.7,Hot Chocolate
3/27/24,22:31.7,card,ANON-0000-0000-0012,38.7,Cappuccino
3/27/24,23:35.4,card,ANON-0000-0000-0012,28.9,Americano
3/27/24,30:11.8,card,ANON-0000-0000-0084,28.9,Cortado
3/27/24,31:12.4,cash,,40,Latte
3/28/24,24:47.1,card,ANON-0000-0000-0085,28.9,Cortado
3/28/24,24:46.2,card,ANON-0000-0000-0012,28.9,Cortado
3/28/24,27:05.3,card,ANON-0000-0000-0012,28.9,Americano
3/28/24,32:44.7,card,ANON-0000-0000-0086,38.7,Latte
3/29/24,56:19.5,card,ANON-0000-0000-0087,38.7,Latte
3/29/24,34:17.4,card,ANON-0000-0000-0088,38.7,Cappuccino
3/29/24,41:32.1,card,ANON-0000-0000-0088,38.7,Cappuccino
3/29/24,22:44.6,cash,,40,Cappuccino
3/30/24,59:19.9,card,ANON-0000-0000-0069,38.7,Latte
3/30/24,49:25.8,cash,,40,Cappuccino
3/30/24,12:31.8,card,ANON-0000-0000-0017,38.7,Latte
3/30/24,36:40.5,card,ANON-0000-0000-0009,38.7,Latte
3/30/24,37:57.6,card,ANON-0000-0000-0009,33.8,Americano with Milk
3/31/24,40:04.5,card,ANON-0000-0000-0089,38.7,Cappuccino
3/31/24,36:45.0,cash,,30,Americano
4/1/24,28:47.6,card,ANON-0000-0000-0004,28.9,Americano
4/1/24,29:42.3,card,ANON-0000-0000-0004,33.8,Americano with Milk
4/1/24,30:43.7,card,ANON-0000-0000-0004,33.8,Americano with Milk
4/1/24,15:43.8,card,ANON-0000-0000-0009,33.8,Americano with Milk
4/1/24,01:42.9,cash,,40,Cappuccino
4/1/24,18:42.4,card,ANON-0000-0000-0024,33.8,Americano with Milk
4/1/24,45:27.4,card,ANON-0000-0000-0090,38.7,Hot Chocolate
4/2/24,01:14.0,card,ANON-0000-0000-0001,38.7,Latte
4/2/24,18:34.2,card,ANON-0000-0000-0003,28.9,Americano
4/2/24,19:28.5,card,ANON-0000-0000-0003,28.9,Cortado
4/2/24,59:31.9,cash,,40,Cappuccino
4/3/24,19:13.6,card,ANON-0000-0000-0003,28.9,Cortado
4/3/24,20:07.7,card,ANON-0000-0000-0003,28.9,Americano
4/3/24,12:05.4,card,ANON-0000-0000-0012,38.7,Cappuccino
4/3/24,36:11.7,cash,,30,Cortado
4/4/24,44:56.0,card,ANON-0000-0000-0091,38.7,Latte
4/4/24,26:38.1,card,ANON-0000-0000-0092,38.7,Latte
4/4/24,27:48.4,card,ANON-0000-0000-0093,38.7,Cappuccino
4/4/24,23:02.2,card,ANON-0000-0000-0094,28.9,Cortado
4/4/24,42:07.7,cash,,40,Latte
4/5/24,40:42.7,card,ANON-0000-0000-0095,28.9,Americano
4/5/24,42:06.2,card,ANON-0000-0000-0012,28.9,Americano
4/5/24,06:14.6,card,ANON-0000-0000-0096,28.9,Cortado
4/5/24,14:28.0,card,ANON-0000-0000-0097,33.8,Americano with Milk
4/5/24,23:40.4,card,ANON-0000-0000-0098,38.7,Latte
4/5/24,24:50.4,card,ANON-0000-0000-0098,28.9,Cortado
4/5/24,30:50.4,cash,,40,Latte
4/5/24,54:15.8,cash,,40,Cappuccino
4/5/24,55:30.9,cash,,30,Americano
4/5/24,17:44.0,cash,,40,Cocoa
4/5/24,18:23.6,card,ANON-0000-0000-0003,24,Espresso
4/6/24,32:31.4,card,ANON-0000-0000-0099,33.8,Americano with Milk
4/6/24,13:18.7,card,ANON-0000-0000-0040,38.7,Cappuccino
4/6/24,14:27.0,card,ANON-0000-0000-0040,28.9,Americano
4/6/24,49:50.2,card,ANON-0000-0000-0009,38.7,Latte
4/7/24,12:53.2,card,ANON-0000-0000-0091,38.7,Latte
4/7/24,44:31.9,card,ANON-0000-0000-0040,38.7,Cappuccino
4/7/24,46:05.1,card,ANON-0000-0000-0040,38.7,Cappuccino
4/7/24,16:24.9,card,ANON-0000-0000-0100,28.9,Cortado
4/7/24,17:30.6,card,ANON-0000-0000-0100,24,Espresso
4/7/24,01:16.6,card,ANON-0000-0000-0101,38.7,Hot Chocolate
4/7/24,02:03.9,card,ANON-0000-0000-0101,33.8,Americano with Milk
4/8/24,58:21.1,card,ANON-0000-0000-0102,33.8,Americano with Milk
4/8/24,59:27.6,card,ANON-0000-0000-0103,38.7,Cappuccino
4/8/24,01:20.5,card,ANON-0000-0000-0012,28.9,Americano
4/8/24,04:47.0,card,ANON-0000-0000-0104,38.7,Cappuccino
4/8/24,54:25.9,cash,,25,Espresso
4/8/24,43:36.9,cash,,35,Americano with Milk
4/8/24,41:37.8,card,ANON-0000-0000-0017,38.7,Latte
4/8/24,18:09.7,card,ANON-0000-0000-0105,28.9,Americano
4/8/24,22:27.5,card,ANON-0000-0000-0024,33.8,Americano with Milk
4/8/24,23:59.3,card,ANON-0000-0000-0106,38.7,Cappuccino
4/9/24,22:27.4,cash,,40,Cappuccino
4/9/24,24:10.1,cash,,30,Americano
4/9/24,42:28.5,card,ANON-0000-0000-0091,38.7,Latte
4/9/24,11:48.7,card,ANON-0000-0000-0107,38.7,Hot Chocolate
4/9/24,25:23.9,card,ANON-0000-0000-0049,38.7,Hot Chocolate
4/10/24,21:26.2,cash,,25,Espresso
4/10/24,55:07.0,cash,,40,Hot Chocolate
4/10/24,55:31.2,card,ANON-0000-0000-0108,24,Espresso
4/10/24,24:59.3,card,ANON-0000-0000-0009,38.7,Cappuccino
4/10/24,04:05.4,card,ANON-0000-0000-0109,38.7,Latte
4/11/24,41:23.2,card,ANON-0000-0000-0110,28.9,Americano
4/11/24,42:59.4,card,ANON-0000-0000-0110,28.9,Americano
4/11/24,35:23.1,card,ANON-0000-0000-0017,38.7,Latte
4/11/24,16:56.6,card,ANON-0000-0000-0106,38.7,Cappuccino
4/11/24,18:36.6,card,ANON-0000-0000-0024,33.8,Americano with Milk
4/12/24,03:43.4,card,ANON-0000-0000-0019,38.7,Hot Chocolate
4/12/24,38:23.2,card,ANON-0000-0000-0009,28.9,Cortado
4/13/24,29:19.8,card,ANON-0000-0000-0009,38.7,Latte
4/13/24,43:02.4,card,ANON-0000-0000-0012,28.9,Americano
4/13/24,06:52.3,cash,,40,Hot Chocolate
4/13/24,07:56.0,cash,,40,Hot Chocolate
4/13/24,18:03.9,card,ANON-0000-0000-0111,38.7,Cappuccino
4/13/24,19:39.8,card,ANON-0000-0000-0111,38.7,Latte
4/13/24,51:26.0,card,ANON-0000-0000-0112,38.7,Cappuccino
4/13/24,53:19.2,card,ANON-0000-0000-0012,38.7,Cappuccino
4/14/24,55:27.4,cash,,40,Latte
4/14/24,24:39.0,card,ANON-0000-0000-0113,38.7,Cappuccino
4/14/24,27:09.0,cash,,30,Cortado
4/14/24,29:06.9,cash,,30,Cortado
4/14/24,31:36.0,cash,,35,Americano with Milk
4/14/24,21:49.8,card,ANON-0000-0000-0114,28.9,Cortado
4/14/24,23:31.6,card,ANON-0000-0000-0012,28.9,Americano
4/14/24,24:26.9,card,ANON-0000-0000-0012,28.9,Americano
4/14/24,25:18.1,card,ANON-0000-0000-0012,28.9,Americano
4/14/24,46:27.7,card,ANON-0000-0000-0017,38.7,Cappuccino
4/14/24,59:54.8,card,ANON-0000-0000-0012,28.9,Cortado
4/14/24,00:45.4,card,ANON-0000-0000-0019,38.7,Latte
4/14/24,38:19.6,card,ANON-0000-0000-0115,38.7,Cappuccino
4/15/24,45:24.6,card,ANON-0000-0000-0064,28.9,Americano
4/15/24,01:46.4,card,ANON-0000-0000-0003,28.9,Americano
4/15/24,02:49.7,card,ANON-0000-0000-0004,33.8,Americano with Milk
4/15/24,33:03.0,card,ANON-0000-0000-0009,33.8,Americano with Milk
4/15/24,41:58.1,cash,,25,Espresso
4/16/24,43:49.9,cash,,35,Americano with Milk
4/16/24,46:25.7,card,ANON-0000-0000-0116,33.8,Americano with Milk
4/16/24,40:47.7,card,ANON-0000-0000-0117,38.7,Cocoa
4/16/24,52:07.7,card,ANON-0000-0000-0064,28.9,Cortado
4/16/24,03:16.9,card,ANON-0000-0000-0118,28.9,Americano
4/16/24,42:04.2,card,ANON-0000-0000-0024,33.8,Americano with Milk
4/16/24,43:23.0,card,ANON-0000-0000-0009,38.7,Cappuccino
4/16/24,09:05.3,card,ANON-0000-0000-0050,38.7,Cocoa
4/17/24,32:59.8,card,ANON-0000-0000-0012,28.9,Americano
4/17/24,44:00.2,card,ANON-0000-0000-0119,24,Espresso
4/17/24,13:24.3,cash,,40,Cappuccino
4/17/24,01:35.1,card,ANON-0000-0000-0120,38.7,Cappuccino
4/17/24,02:40.7,card,ANON-0000-0000-0120,38.7,Cappuccino
4/17/24,14:03.2,card,ANON-0000-0000-0121,28.9,Cortado
4/18/24,19:01.7,card,ANON-0000-0000-0003,28.9,Americano
4/18/24,20:05.7,card,ANON-0000-0000-0003,28.9,Americano
4/18/24,49:12.7,card,ANON-0000-0000-0122,33.8,Americano with Milk
4/18/24,50:17.3,card,ANON-0000-0000-0122,28.9,Cortado
4/18/24,34:19.8,card,ANON-0000-0000-0123,38.7,Cappuccino
4/18/24,35:49.4,card,ANON-0000-0000-0123,38.7,Latte
4/18/24,44:15.8,card,ANON-0000-0000-0069,38.7,Latte
4/18/24,21:05.9,card,ANON-0000-0000-0085,38.7,Cappuccino
4/18/24,39:51.2,card,ANON-0000-0000-0024,38.7,Hot Chocolate
4/18/24,40:49.0,card,ANON-0000-0000-0009,38.7,Hot Chocolate
4/19/24,10:36.3,card,ANON-0000-0000-0001,38.7,Latte
4/19/24,11:47.8,card,ANON-0000-0000-0040,33.8,Americano with Milk
4/19/24,13:20.9,card,ANON-0000-0000-0040,38.7,Cappuccino
4/19/24,58:54.1,card,ANON-0000-0000-0124,38.7,Hot Chocolate
4/19/24,59:49.7,card,ANON-0000-0000-0124,38.7,Cappuccino
4/19/24,23:19.3,card,ANON-0000-0000-0024,38.7,Cocoa
4/19/24,25:33.4,card,ANON-0000-0000-0009,33.8,Americano with Milk
4/20/24,24:42.7,cash,,35,Americano with Milk
4/20/24,08:35.7,card,ANON-0000-0000-0125,33.8,Americano with Milk
4/20/24,09:42.7,card,ANON-0000-0000-0125,33.8,Americano with Milk
4/20/24,08:37.4,card,ANON-0000-0000-0118,28.9,Americano
4/20/24,09:47.9,card,ANON-0000-0000-0118,33.8,Americano with Milk
4/20/24,10:55.2,card,ANON-0000-0000-0118,38.7,Hot Chocolate
4/20/24,44:18.1,card,ANON-0000-0000-0040,38.7,Cappuccino
4/20/24,11:00.3,card,ANON-0000-0000-0009,33.8,Americano with Milk
4/20/24,22:40.7,card,ANON-0000-0000-0012,32.82,Americano with Milk
4/20/24,49:25.1,card,ANON-0000-0000-0126,32.82,Americano with Milk
4/20/24,07:58.0,cash,,39,Cocoa
4/20/24,27:41.5,card,ANON-0000-0000-0127,37.72,Cappuccino
4/20/24,28:46.9,card,ANON-0000-0000-0127,37.72,Cappuccino
4/20/24,30:55.3,card,ANON-0000-0000-0128,37.72,Latte
4/21/24,16:45.7,card,ANON-0000-0000-0001,37.72,Latte
4/21/24,15:37.5,card,ANON-0000-0000-0099,27.92,Americano
4/21/24,09:03.2,cash,,39,Cappuccino
4/22/24,09:16.4,card,ANON-0000-0000-0012,27.92,Americano
4/22/24,29:27.1,card,ANON-0000-0000-0129,32.82,Americano with Milk
4/22/24,40:33.0,cash,,39,Latte
4/22/24,39:04.8,card,ANON-0000-0000-0009,37.72,Latte
4/22/24,02:29.2,cash,,39,Cappuccino
4/23/24,22:36.0,card,ANON-0000-0000-0025,37.72,Cappuccino
4/23/24,23:53.1,card,ANON-0000-0000-0024,32.82,Americano with Milk
4/23/24,24:57.5,card,ANON-0000-0000-0009,37.72,Cappuccino
4/23/24,42:27.8,card,ANON-0000-0000-0130,32.82,Americano with Milk
4/23/24,43:26.2,card,ANON-0000-0000-0130,32.82,Americano with Milk
4/24/24,19:38.3,card,ANON-0000-0000-0001,37.72,Latte
4/24/24,21:27.3,card,ANON-0000-0000-0131,32.82,Americano with Milk
4/24/24,23:46.1,card,ANON-0000-0000-0132,32.82,Americano with Milk
4/24/24,33:26.3,card,ANON-0000-0000-0133,32.82,Americano with Milk
4/24/24,39:09.3,card,ANON-0000-0000-0059,32.82,Americano with Milk
4/24/24,39:07.4,card,ANON-0000-0000-0009,32.82,Americano with Milk
4/24/24,39:50.0,card,ANON-0000-0000-0134,32.82,Americano with Milk
4/24/24,40:54.0,card,ANON-0000-0000-0134,37.72,Cappuccino
4/25/24,46:08.1,card,ANON-0000-0000-0135,27.92,Americano
4/25/24,18:27.0,card,ANON-0000-0000-0009,37.72,Latte
4/25/24,09:43.5,card,ANON-0000-0000-0012,27.92,Americano
4/25/24,10:49.2,card,ANON-0000-0000-0012,27.92,Americano
4/26/24,12:50.6,card,ANON-0000-0000-0001,37.72,Latte
4/26/24,01:30.6,card,ANON-0000-0000-0136,37.72,Latte
4/26/24,31:28.3,card,ANON-0000-0000-0137,37.72,Cappuccino
4/26/24,32:35.4,card,ANON-0000-0000-0012,27.92,Americano
4/26/24,33:33.1,card,ANON-0000-0000-0012,27.92,Americano
4/26/24,23:26.5,card,ANON-0000-0000-0138,27.92,Cortado
4/26/24,24:33.8,card,ANON-0000-0000-0139,27.92,Americano
4/26/24,32:07.1,card,ANON-0000-0000-0009,37.72,Hot Chocolate
4/26/24,33:30.2,card,ANON-0000-0000-0009,37.72,Cocoa
4/27/24,27:00.7,card,ANON-0000-0000-0009,37.72,Cappuccino
4/28/24,32:52.5,card,ANON-0000-0000-0001,37.72,Latte
4/28/24,30:09.7,card,ANON-0000-0000-0140,37.72,Cappuccino
4/28/24,27:08.2,card,ANON-0000-0000-0012,27.92,Americano
4/28/24,28:11.4,card,ANON-0000-0000-0012,27.92,Americano
4/28/24,29:02.4,card,ANON-0000-0000-0019,37.72,Latte
4/29/24,26:31.9,card,ANON-0000-0000-0141,27.92,Cortado
4/29/24,27:56.9,card,ANON-0000-0000-0003,27.92,Americano
4/29/24,28:53.9,card,ANON-0000-0000-0003,27.92,Cortado
4/29/24,53:35.7,card,ANON-0000-0000-0141,27.92,Cortado
4/29/24,54:24.4,card,ANON-0000-0000-0141,32.82,Americano with Milk
4/29/24,37:48.4,card,ANON-0000-0000-0140,37.72,Cappuccino
4/29/24,12:33.2,card,ANON-0000-0000-0134,37.72,Cappuccino
4/29/24,13:37.9,card,ANON-0000-0000-0134,37.72,Cappuccino
4/30/24,16:41.5,card,ANON-0000-0000-0142,37.72,Latte
4/30/24,34:52.2,card,ANON-0000-0000-0142,32.82,Americano with Milk
4/30/24,35:47.6,card,ANON-0000-0000-0142,32.82,Americano with Milk
4/30/24,41:52.3,card,ANON-0000-0000-0142,27.92,Americano
4/30/24,43:00.0,card,ANON-0000-0000-0142,32.82,Americano with Milk
4/30/24,19:18.1,card,ANON-0000-0000-0142,37.72,Cappuccino
4/30/24,30:04.0,card,ANON-0000-0000-0142,32.82,Americano with Milk
4/30/24,31:21.0,card,ANON-0000-0000-0142,37.72,Latte
5/2/24,33:55.7,card,ANON-0000-0000-0143,27.92,Americano
5/2/24,29:57.1,cash,,39,Latte
5/2/24,49:39.9,card,ANON-0000-0000-0133,32.82,Americano with Milk
5/2/24,36:22.1,card,ANON-0000-0000-0144,37.72,Cappuccino
5/2/24,41:11.2,card,ANON-0000-0000-0024,32.82,Americano with Milk
5/2/24,18:33.1,card,ANON-0000-0000-0145,37.72,Latte
5/2/24,19:56.4,card,ANON-0000-0000-0145,37.72,Cappuccino
5/3/24,11:53.4,cash,,39,Latte
5/3/24,30:00.9,card,ANON-0000-0000-0146,37.72,Latte
5/3/24,03:24.9,card,ANON-0000-0000-0147,37.72,Latte
5/6/24,05:17.9,card,ANON-0000-0000-0148,27.92,Americano
5/6/24,06:51.6,card,ANON-0000-0000-0149,37.72,Cappuccino
5/6/24,08:05.9,card,ANON-0000-0000-0149,32.82,Americano with Milk
5/6/24,09:08.0,card,ANON-0000-0000-0150,27.92,Americano
5/6/24,39:12.6,card,ANON-0000-0000-0141,27.92,Cortado
5/6/24,34:20.6,cash,,29,Americano
5/6/24,18:11.0,card,ANON-0000-0000-0148,27.92,Cortado
5/6/24,19:00.8,card,ANON-0000-0000-0148,27.92,Americano
5/6/24,18:13.0,card,ANON-0000-0000-0151,37.72,Cappuccino
5/6/24,19:49.5,card,ANON-0000-0000-0151,37.72,Cappuccino
5/7/24,44:55.6,card,ANON-0000-0000-0148,37.72,Cocoa
5/7/24,21:58.5,card,ANON-0000-0000-0141,27.92,Cortado
5/7/24,23:34.9,card,ANON-0000-0000-0077,27.92,Cortado
5/7/24,42:07.9,card,ANON-0000-0000-0148,37.72,Cocoa
5/7/24,55:38.8,card,ANON-0000-0000-0152,27.92,Americano
5/7/24,37:46.4,card,ANON-0000-0000-0153,37.72,Cappuccino
5/7/24,38:48.2,card,ANON-0000-0000-0153,37.72,Latte
5/7/24,35:37.2,cash,,34,Americano with Milk
5/7/24,12:12.5,card,ANON-0000-0000-0154,37.72,Cappuccino
5/7/24,13:12.2,card,ANON-0000-0000-0154,37.72,Cappuccino
5/8/24,07:28.9,card,ANON-0000-0000-0001,37.72,Latte
5/9/24,54:21.8,card,ANON-0000-0000-0155,37.72,Cappuccino
5/9/24,03:58.6,card,ANON-0000-0000-0156,27.92,Americano
5/9/24,04:57.6,card,ANON-0000-0000-0156,37.72,Latte
5/9/24,06:11.3,card,ANON-0000-0000-0156,37.72,Latte
5/9/24,07:16.4,card,ANON-0000-0000-0156,37.72,Latte
5/9/24,55:14.6,card,ANON-0000-0000-0118,27.92,Americano
5/9/24,56:15.0,card,ANON-0000-0000-0118,27.92,Americano
5/9/24,01:29.9,card,ANON-0000-0000-0157,27.92,Americano
5/9/24,13:56.2,card,ANON-0000-0000-0143,32.82,Americano with Milk
5/10/24,09:22.0,cash,,39,Latte
5/10/24,46:21.5,card,ANON-0000-0000-0158,37.72,Latte
5/10/24,47:32.5,card,ANON-0000-0000-0158,37.72,Latte
5/10/24,20:15.1,cash,,34,Americano with Milk
5/11/24,39:52.9,card,ANON-0000-0000-0069,37.72,Latte
5/11/24,02:43.6,cash,,39,Latte
5/11/24,20:30.4,card,ANON-0000-0000-0009,32.82,Americano with Milk
5/11/24,21:56.1,card,ANON-0000-0000-0026,37.72,Cocoa
5/11/24,23:57.3,card,ANON-0000-0000-0040,37.72,Cappuccino
5/11/24,28:54.1,card,ANON-0000-0000-0012,32.82,Americano with Milk
5/11/24,35:40.3,card,ANON-0000-0000-0115,37.72,Cappuccino
5/11/24,38:16.1,card,ANON-0000-0000-0159,37.72,Latte
5/12/24,20:42.5,card,ANON-0000-0000-0001,37.72,Latte
5/12/24,24:03.5,card,ANON-0000-0000-0160,37.72,Latte
5/12/24,27:39.0,card,ANON-0000-0000-0161,27.92,Americano
5/12/24,16:19.8,card,ANON-0000-0000-0077,37.72,Latte
5/12/24,38:02.4,card,ANON-0000-0000-0162,32.82,Americano with Milk
5/12/24,52:14.9,card,ANON-0000-0000-0163,32.82,Americano with Milk
5/12/24,04:21.1,card,ANON-0000-0000-0012,32.82,Americano with Milk
5/12/24,41:30.6,card,ANON-0000-0000-0009,32.82,Americano with Milk
5/13/24,03:53.3,card,ANON-0000-0000-0164,32.82,Americano with Milk
5/13/24,31:10.8,cash,,29,Americano
5/13/24,31:50.9,cash,,29,Americano
5/14/24,38:14.6,card,ANON-0000-0000-0012,27.92,Americano
5/14/24,39:25.5,card,ANON-0000-0000-0012,27.92,Americano
5/14/24,40:17.5,card,ANON-0000-0000-0012,27.92,Americano
5/14/24,19:23.2,card,ANON-0000-0000-0012,37.72,Cappuccino
5/14/24,32:29.4,card,ANON-0000-0000-0165,37.72,Latte
5/14/24,34:12.9,card,ANON-0000-0000-0165,37.72,Cappuccino
5/14/24,04:54.6,card,ANON-0000-0000-0025,37.72,Cappuccino
5/14/24,06:00.4,card,ANON-0000-0000-0009,32.82,Americano with Milk
5/14/24,01:54.8,card,ANON-0000-0000-0040,27.92,Americano
5/14/24,57:57.2,card,ANON-0000-0000-0166,32.82,Americano with Milk
5/14/24,59:10.2,card,ANON-0000-0000-0166,37.72,Cappuccino
5/14/24,51:25.2,card,ANON-0000-0000-0167,37.72,Hot Chocolate
5/15/24,40:05.7,card,ANON-0000-0000-0168,37.72,Latte
5/15/24,14:19.4,card,ANON-0000-0000-0012,23.02,Espresso
5/15/24,19:10.0,card,ANON-0000-0000-0012,27.92,Americano
5/15/24,34:35.1,card,ANON-0000-0000-0003,27.92,Americano
5/15/24,35:29.2,card,ANON-0000-0000-0003,27.92,Americano
5/15/24,36:27.3,card,ANON-0000-0000-0003,27.92,Americano
5/15/24,55:29.0,card,ANON-0000-0000-0164,32.82,Americano with Milk
5/15/24,38:10.8,cash,,29,Americano
5/15/24,38:52.3,card,ANON-0000-0000-0169,27.92,Cortado
5/15/24,39:44.4,card,ANON-0000-0000-0012,27.92,Cortado
5/15/24,28:58.6,card,ANON-0000-0000-0170,23.02,Espresso
5/15/24,20:34.8,card,ANON-0000-0000-0171,37.72,Cappuccino
5/16/24,38:42.5,card,ANON-0000-0000-0097,32.82,Americano with Milk
5/16/24,39:49.4,card,ANON-0000-0000-0172,32.82,Americano with Milk
5/16/24,42:50.3,cash,,39,Latte
5/16/24,44:20.8,cash,,39,Cappuccino
5/16/24,14:00.1,card,ANON-0000-0000-0173,32.82,Americano with Milk
5/16/24,15:16.3,card,ANON-0000-0000-0174,37.72,Hot Chocolate
5/16/24,44:31.5,card,ANON-0000-0000-0069,37.72,Latte
5/16/24,12:56.9,card,ANON-0000-0000-0175,37.72,Hot Chocolate
5/16/24,13:58.2,card,ANON-0000-0000-0175,37.72,Latte
5/17/24,00:48.5,card,ANON-0000-0000-0033,27.92,Americano
5/17/24,30:27.6,card,ANON-0000-0000-0164,32.82,Americano with Milk
5/17/24,58:03.1,cash,,34,Americano with Milk
5/17/24,55:18.5,card,ANON-0000-0000-0012,32.82,Americano with Milk
5/17/24,56:46.8,card,ANON-0000-0000-0009,37.72,Cappuccino
5/17/24,37:52.9,card,ANON-0000-0000-0176,37.72,Cappuccino
5/17/24,34:50.8,card,ANON-0000-0000-0177,27.92,Americano
5/17/24,36:33.4,card,ANON-0000-0000-0178,37.72,Latte
5/17/24,37:42.8,card,ANON-0000-0000-0179,37.72,Latte
5/18/24,01:37.9,card,ANON-0000-0000-0180,37.72,Cappuccino
5/18/24,02:40.0,card,ANON-0000-0000-0180,37.72,Cappuccino
5/18/24,15:56.1,card,ANON-0000-0000-0181,32.82,Americano with Milk
5/18/24,48:29.4,card,ANON-0000-0000-0172,32.82,Americano with Milk
5/18/24,49:27.1,card,ANON-0000-0000-0097,32.82,Americano with Milk
5/18/24,58:44.2,card,ANON-0000-0000-0040,32.82,Americano with Milk
5/18/24,22:53.1,card,ANON-0000-0000-0009,37.72,Latte
5/18/24,05:27.5,cash,,39,Cappuccino
5/19/24,58:38.3,card,ANON-0000-0000-0182,27.92,Americano
5/19/24,59:33.5,card,ANON-0000-0000-0182,27.92,Americano
5/19/24,00:35.1,card,ANON-0000-0000-0183,37.72,Cappuccino
5/19/24,28:49.7,cash,,24,Espresso
5/19/24,14:26.7,card,ANON-0000-0000-0184,32.82,Americano with Milk
5/19/24,43:40.0,card,ANON-0000-0000-0012,27.92,Americano
5/19/24,58:58.2,card,ANON-0000-0000-0185,32.82,Americano with Milk
5/19/24,12:36.3,card,ANON-0000-0000-0186,32.82,Americano with Milk
5/19/24,13:47.8,card,ANON-0000-0000-0186,23.02,Espresso
5/19/24,16:30.0,card,ANON-0000-0000-0186,37.72,Hot Chocolate
5/19/24,51:07.0,card,ANON-0000-0000-0187,37.72,Cappuccino
5/19/24,15:41.8,card,ANON-0000-0000-0188,37.72,Cappuccino
5/19/24,18:36.1,card,ANON-0000-0000-0189,37.72,Cappuccino
5/20/24,05:59.2,card,ANON-0000-0000-0190,32.82,Americano with Milk
5/20/24,17:51.9,card,ANON-0000-0000-0191,37.72,Latte
5/20/24,58:48.4,card,ANON-0000-0000-0001,37.72,Latte
5/20/24,15:16.4,card,ANON-0000-0000-0143,27.92,Americano
5/20/24,16:19.6,card,ANON-0000-0000-0143,27.92,Americano
5/20/24,27:13.4,card,ANON-0000-0000-0003,27.92,Americano
5/20/24,28:10.4,card,ANON-0000-0000-0003,27.92,Americano
5/20/24,13:19.0,card,ANON-0000-0000-0192,32.82,Americano with Milk
5/20/24,14:31.4,card,ANON-0000-0000-0192,37.72,Cappuccino
5/20/24,32:21.3,cash,,29,Americano
5/20/24,12:51.1,card,ANON-0000-0000-0120,37.72,Latte
5/20/24,13:56.9,card,ANON-0000-0000-0193,37.72,Latte
5/20/24,36:48.3,card,ANON-0000-0000-0194,32.82,Americano with Milk
5/20/24,37:57.3,card,ANON-0000-0000-0194,37.72,Cocoa
5/20/24,46:52.1,card,ANON-0000-0000-0195,27.92,Cortado
5/20/24,36:54.0,card,ANON-0000-0000-0012,32.82,Americano with Milk
5/20/24,37:57.8,card,ANON-0000-0000-0012,32.82,Americano with Milk
5/21/24,27:38.2,card,ANON-0000-0000-0196,37.72,Latte
5/21/24,43:50.7,cash,,29,Americano
5/21/24,44:40.3,cash,,34,Americano with Milk
5/21/24,46:09.4,cash,,39,Cocoa
5/21/24,05:08.0,cash,,39,Latte
5/21/24,10:20.0,card,ANON-0000-0000-0197,37.72,Latte
5/21/24,13:24.0,card,ANON-0000-0000-0012,23.02,Espresso
5/21/24,11:09.2,card,ANON-0000-0000-0198,37.72,Cappuccino
5/21/24,13:48.4,card,ANON-0000-0000-0199,37.72,Cappuccino
5/22/24,34:41.8,card,ANON-0000-0000-0200,37.72,Cappuccino
5/22/24,49:47.0,card,ANON-0000-0000-0191,32.82,Americano with Milk
5/22/24,18:14.3,card,ANON-0000-0000-0141,27.92,Cortado
5/22/24,34:55.0,card,ANON-0000-0000-0097,32.82,Americano with Milk
5/22/24,29:50.8,card,ANON-0000-0000-0012,27.92,Americano
5/22/24,30:43.3,card,ANON-0000-0000-0012,27.92,Americano
5/22/24,00:20.5,card,ANON-0000-0000-0009,32.82,Americano with Milk
5/22/24,24:58.1,card,ANON-0000-0000-0134,37.72,Cappuccino
5/22/24,25:58.6,card,ANON-0000-0000-0134,37.72,Cappuccino
5/22/24,23:53.0,card,ANON-0000-0000-0180,37.72,Hot Chocolate
5/22/24,24:49.6,card,ANON-0000-0000-0180,37.72,Cappuccino
5/23/24,10:19.6,card,ANON-0000-0000-0201,37.72,Cappuccino
5/23/24,22:06.6,card,ANON-0000-0000-0202,23.02,Espresso
5/23/24,55:16.6,card,ANON-0000-0000-0180,37.72,Cappuccino
5/23/24,56:27.2,card,ANON-0000-0000-0203,37.72,Cappuccino
5/23/24,18:14.1,card,ANON-0000-0000-0180,37.72,Cappuccino
5/23/24,41:00.0,card,ANON-0000-0000-0077,37.72,Latte
5/23/24,14:33.2,card,ANON-0000-0000-0153,37.72,Cappuccino
5/23/24,15:44.9,card,ANON-0000-0000-0153,37.72,Latte
5/23/24,03:53.9,card,ANON-0000-0000-0204,27.92,Cortado
5/23/24,17:28.4,card,ANON-0000-0000-0134,37.72,Cappuccino
5/23/24,18:26.4,card,ANON-0000-0000-0205,37.72,Cappuccino
5/23/24,42:31.5,card,ANON-0000-0000-0206,37.72,Cappuccino
5/23/24,15:01.4,card,ANON-0000-0000-0207,37.72,Cappuccino
5/23/24,16:24.2,card,ANON-0000-0000-0207,37.72,Latte
5/23/24,48:10.8,card,ANON-0000-0000-0208,32.82,Americano with Milk
5/23/24,55:36.9,cash,,39,Hot Chocolate
5/24/24,11:59.2,card,ANON-0000-0000-0141,27.92,Cortado
5/24/24,15:08.3,card,ANON-0000-0000-0012,27.92,Americano
5/24/24,16:13.0,card,ANON-0000-0000-0012,27.92,Americano
5/24/24,07:19.8,card,ANON-0000-0000-0081,37.72,Hot Chocolate
5/24/24,17:40.3,card,ANON-0000-0000-0209,27.92,Cortado
5/24/24,18:36.7,card,ANON-0000-0000-0209,27.92,Cortado
5/24/24,30:40.2,card,ANON-0000-0000-0210,32.82,Americano with Milk
5/25/24,40:58.8,cash,,29,Americano
5/25/24,13:53.4,card,ANON-0000-0000-0211,37.72,Latte
5/25/24,40:23.6,cash,,29,Americano
5/25/24,42:10.3,card,ANON-0000-0000-0212,32.82,Americano with Milk
5/25/24,43:13.3,card,ANON-0000-0000-0212,32.82,Americano with Milk
5/25/24,58:12.0,card,ANON-0000-0000-0213,32.82,Americano with Milk
5/25/24,47:09.6,card,ANON-0000-0000-0040,32.82,Americano with Milk
5/25/24,48:16.8,card,ANON-0000-0000-0040,27.92,Americano
5/26/24,20:02.2,card,ANON-0000-0000-0001,37.72,Latte
5/26/24,24:49.8,card,ANON-0000-0000-0214,32.82,Americano with Milk
5/26/24,26:05.2,card,ANON-0000-0000-0215,27.92,Cortado
5/26/24,40:58.9,card,ANON-0000-0000-0216,32.82,Americano with Milk
5/26/24,19:15.5,card,ANON-0000-0000-0217,37.72,Cappuccino
5/26/24,09:52.8,card,ANON-0000-0000-0218,37.72,Hot Chocolate
5/26/24,11:02.2,card,ANON-0000-0000-0218,37.72,Hot Chocolate
5/26/24,13:14.3,card,ANON-0000-0000-0218,27.92,Americano
5/26/24,39:18.8,card,ANON-0000-0000-0219,37.72,Latte
5/26/24,59:15.0,card,ANON-0000-0000-0220,37.72,Hot Chocolate
5/26/24,00:05.6,card,ANON-0000-0000-0220,37.72,Cappuccino
5/26/24,02:36.9,card,ANON-0000-0000-0221,27.92,Cortado
5/26/24,03:51.8,card,ANON-0000-0000-0222,37.72,Cappuccino
5/26/24,04:58.8,card,ANON-0000-0000-0221,37.72,Latte
5/26/24,06:02.6,card,ANON-0000-0000-0223,37.72,Cappuccino
5/27/24,34:55.3,card,ANON-0000-0000-0012,27.92,Americano
5/27/24,05:21.7,card,ANON-0000-0000-0224,32.82,Americano with Milk
5/27/24,06:43.6,card,ANON-0000-0000-0224,37.72,Cocoa
5/27/24,11:34.1,card,ANON-0000-0000-0225,27.92,Americano
5/27/24,14:05.8,card,ANON-0000-0000-0225,27.92,Americano
5/27/24,50:55.8,card,ANON-0000-0000-0203,37.72,Latte
5/27/24,00:51.0,card,ANON-0000-0000-0226,27.92,Americano
5/27/24,16:27.4,card,ANON-0000-0000-0227,37.72,Latte
5/27/24,17:38.7,card,ANON-0000-0000-0228,37.72,Latte
5/27/24,29:07.1,card,ANON-0000-0000-0192,32.82,Americano with Milk
5/27/24,30:19.8,card,ANON-0000-0000-0206,37.72,Cappuccino
5/28/24,37:09.0,card,ANON-0000-0000-0012,32.82,Americano with Milk
5/28/24,20:10.7,card,ANON-0000-0000-0097,32.82,Americano with Milk
5/28/24,48:18.5,card,ANON-0000-0000-0229,37.72,Cappuccino
5/28/24,14:40.4,card,ANON-0000-0000-0230,37.72,Cappuccino
5/28/24,10:53.7,card,ANON-0000-0000-0194,37.72,Cocoa
5/28/24,25:39.3,card,ANON-0000-0000-0141,27.92,Cortado
5/28/24,21:44.0,cash,,39,Cappuccino
5/28/24,09:29.1,card,ANON-0000-0000-0231,27.92,Americano
5/28/24,10:31.1,card,ANON-0000-0000-0231,37.72,Latte
5/28/24,24:32.2,card,ANON-0000-0000-0009,32.82,Americano with Milk
5/28/24,50:19.4,card,ANON-0000-0000-0012,27.92,Americano
5/29/24,14:43.7,card,ANON-0000-0000-0232,37.72,Latte
5/29/24,48:46.8,cash,,39,Latte
5/29/24,14:02.9,card,ANON-0000-0000-0233,37.72,Hot Chocolate
5/29/24,10:48.5,card,ANON-0000-0000-0234,27.92,Americano
5/29/24,22:56.3,card,ANON-0000-0000-0235,37.72,Latte
5/29/24,45:12.7,card,ANON-0000-0000-0236,37.72,Cappuccino
5/29/24,45:03.9,card,ANON-0000-0000-0237,37.72,Latte
5/29/24,24:03.3,card,ANON-0000-0000-0238,27.92,Cortado
5/29/24,24:59.3,card,ANON-0000-0000-0238,37.72,Latte
5/29/24,30:42.2,card,ANON-0000-0000-0239,37.72,Hot Chocolate
5/29/24,32:35.2,card,ANON-0000-0000-0240,37.72,Cocoa
5/30/24,29:06.3,card,ANON-0000-0000-0241,37.72,Cappuccino
5/30/24,30:21.6,card,ANON-0000-0000-0241,37.72,Latte
5/30/24,37:05.4,card,ANON-0000-0000-0242,32.82,Americano with Milk
5/30/24,47:59.1,card,ANON-0000-0000-0001,37.72,Latte
5/30/24,56:15.5,card,ANON-0000-0000-0097,32.82,Americano with Milk
5/30/24,16:15.7,card,ANON-0000-0000-0243,23.02,Espresso
5/30/24,17:38.7,card,ANON-0000-0000-0012,23.02,Espresso
5/30/24,53:11.2,card,ANON-0000-0000-0206,37.72,Cappuccino
5/30/24,31:05.4,card,ANON-0000-0000-0244,37.72,Latte
5/30/24,46:13.8,card,ANON-0000-0000-0009,37.72,Hot Chocolate
5/30/24,47:21.6,card,ANON-0000-0000-0009,32.82,Americano with Milk
5/31/24,53:57.3,card,ANON-0000-0000-0245,32.82,Americano with Milk
5/31/24,21:07.8,card,ANON-0000-0000-0246,37.72,Latte
5/31/24,23:58.8,cash,,39,Latte
5/31/24,38:07.9,card,ANON-0000-0000-0247,37.72,Hot Chocolate
5/31/24,39:06.1,card,ANON-0000-0000-0248,37.72,Cocoa
5/31/24,50:13.0,card,ANON-0000-0000-0249,32.82,Americano with Milk
5/31/24,23:44.6,card,ANON-0000-0000-0250,37.72,Latte
5/31/24,25:03.3,card,ANON-0000-0000-0250,37.72,Latte
5/31/24,06:39.2,card,ANON-0000-0000-0180,37.72,Cappuccino
5/31/24,33:06.4,card,ANON-0000-0000-0134,32.82,Americano with Milk
5/31/24,34:32.9,card,ANON-0000-0000-0134,37.72,Latte
5/31/24,05:47.1,card,ANON-0000-0000-0206,37.72,Cappuccino
5/31/24,06:52.5,card,ANON-0000-0000-0206,32.82,Americano with Milk
5/31/24,07:55.4,card,ANON-0000-0000-0206,27.92,Cortado
6/1/24,27:01.7,card,ANON-0000-0000-0141,27.92,Cortado
6/1/24,48:24.7,card,ANON-0000-0000-0232,37.72,Latte
6/1/24,38:09.4,card,ANON-0000-0000-0250,37.72,Latte
6/1/24,28:53.7,card,ANON-0000-0000-0097,32.82,Americano with Milk
6/1/24,20:12.8,card,ANON-0000-0000-0251,32.82,Americano with Milk
6/1/24,21:15.4,card,ANON-0000-0000-0251,32.82,Americano with Milk
6/1/24,50:10.5,card,ANON-0000-0000-0154,37.72,Cappuccino
6/1/24,51:13.6,card,ANON-0000-0000-0154,37.72,Cappuccino
6/1/24,54:59.3,cash,,39,Cocoa
6/1/24,59:09.7,card,ANON-0000-0000-0252,37.72,Cocoa
6/1/24,51:05.0,card,ANON-0000-0000-0009,32.82,Americano with Milk
6/2/24,03:25.8,card,ANON-0000-0000-0009,37.72,Latte
6/2/24,24:02.4,card,ANON-0000-0000-0040,32.82,Americano with Milk
6/2/24,25:07.2,card,ANON-0000-0000-0040,37.72,Cappuccino
6/2/24,07:20.5,card,ANON-0000-0000-0097,32.82,Americano with Milk
6/2/24,30:12.4,card,ANON-0000-0000-0253,37.72,Latte
6/2/24,43:10.6,cash,,34,Americano with Milk
6/3/24,12:04.1,card,ANON-0000-0000-0001,37.72,Latte
6/3/24,27:49.8,card,ANON-0000-0000-0191,37.72,Latte
6/3/24,31:42.3,card,ANON-0000-0000-0025,37.72,Cappuccino
6/3/24,33:01.0,card,ANON-0000-0000-0024,32.82,Americano with Milk
6/3/24,34:06.9,card,ANON-0000-0000-0009,37.72,Latte
6/3/24,42:51.7,cash,,34,Americano with Milk
6/3/24,43:37.5,cash,,34,Americano with Milk
6/4/24,23:42.9,card,ANON-0000-0000-0141,27.92,Cortado
6/4/24,27:14.0,card,ANON-0000-0000-0097,32.82,Americano with Milk
6/4/24,02:10.2,card,ANON-0000-0000-0254,37.72,Latte
6/4/24,05:29.2,card,ANON-0000-0000-0254,37.72,Hot Chocolate
6/4/24,30:32.5,card,ANON-0000-0000-0255,37.72,Latte
6/4/24,46:36.7,card,ANON-0000-0000-0192,27.92,Cortado
6/4/24,47:28.8,card,ANON-0000-0000-0192,37.72,Cappuccino
6/4/24,13:01.2,card,ANON-0000-0000-0256,37.72,Hot Chocolate
6/4/24,50:33.9,card,ANON-0000-0000-0257,37.72,Cappuccino
6/4/24,31:58.9,card,ANON-0000-0000-0258,27.92,Cortado
6/4/24,33:02.6,card,ANON-0000-0000-0259,32.82,Americano with Milk
6/4/24,34:55.7,card,ANON-0000-0000-0260,32.82,Americano with Milk
6/4/24,36:06.9,card,ANON-0000-0000-0260,32.82,Americano with Milk
6/4/24,37:15.2,card,ANON-0000-0000-0260,32.82,Americano with Milk
6/5/24,21:49.0,card,ANON-0000-0000-0261,37.72,Cappuccino
6/5/24,23:06.7,card,ANON-0000-0000-0261,37.72,Cappuccino
6/5/24,22:43.1,card,ANON-0000-0000-0262,27.92,Americano
6/5/24,28:50.6,card,ANON-0000-0000-0001,37.72,Latte
6/5/24,40:53.2,card,ANON-0000-0000-0097,32.82,Americano with Milk
6/5/24,43:57.7,card,ANON-0000-0000-0263,32.82,Americano with Milk
6/5/24,59:53.5,card,ANON-0000-0000-0264,37.72,Latte
6/5/24,10:47.6,card,ANON-0000-0000-0220,37.72,Cocoa
6/5/24,12:01.7,card,ANON-0000-0000-0220,27.92,Cortado
6/6/24,52:56.4,card,ANON-0000-0000-0097,32.82,Americano with Milk
6/6/24,54:08.5,card,ANON-0000-0000-0097,32.82,Americano with Milk
6/6/24,36:09.7,card,ANON-0000-0000-0001,37.72,Latte
6/6/24,17:41.5,card,ANON-0000-0000-0265,27.92,Americano
6/6/24,11:14.2,card,ANON-0000-0000-0224,32.82,Americano with Milk
6/6/24,24:06.2,card,ANON-0000-0000-0266,37.72,Cappuccino
6/6/24,14:05.1,card,ANON-0000-0000-0267,37.72,Latte
6/6/24,15:42.2,card,ANON-0000-0000-0267,37.72,Latte
6/6/24,18:26.7,card,ANON-0000-0000-0206,37.72,Cappuccino
6/6/24,19:30.4,card,ANON-0000-0000-0206,32.82,Americano with Milk
6/6/24,21:04.4,card,ANON-0000-0000-0267,37.72,Latte
6/7/24,18:04.3,card,ANON-0000-0000-0268,37.72,Cappuccino
6/7/24,35:28.1,card,ANON-0000-0000-0269,23.02,Espresso
6/7/24,34:18.3,card,ANON-0000-0000-0164,32.82,Americano with Milk
6/7/24,45:42.2,card,ANON-0000-0000-0270,27.92,Cortado
6/7/24,47:15.5,card,ANON-0000-0000-0270,27.92,Cortado
6/8/24,04:20.0,card,ANON-0000-0000-0271,27.92,Cortado
6/8/24,26:11.2,card,ANON-0000-0000-0097,32.82,Americano with Milk
6/8/24,24:54.3,card,ANON-0000-0000-0134,37.72,Cappuccino
6/8/24,25:56.3,card,ANON-0000-0000-0134,37.72,Cappuccino
6/9/24,15:52.8,card,ANON-0000-0000-0097,37.72,Latte
6/9/24,30:04.5,card,ANON-0000-0000-0272,37.72,Latte
6/9/24,52:05.8,card,ANON-0000-0000-0273,37.72,Cappuccino
6/9/24,04:41.3,card,ANON-0000-0000-0141,27.92,Cortado
6/9/24,07:08.1,card,ANON-0000-0000-0274,23.02,Espresso
6/9/24,52:49.6,card,ANON-0000-0000-0275,37.72,Cappuccino
6/9/24,11:23.6,card,ANON-0000-0000-0276,32.82,Americano with Milk
6/9/24,13:08.1,card,ANON-0000-0000-0276,37.72,Latte
6/9/24,14:10.8,card,ANON-0000-0000-0276,37.72,Latte
6/9/24,10:30.7,card,ANON-0000-0000-0277,27.92,Cortado
6/9/24,17:28.2,card,ANON-0000-0000-0278,37.72,Cappuccino
6/9/24,21:19.3,card,ANON-0000-0000-0279,32.82,Americano with Milk
6/9/24,05:08.8,card,ANON-0000-0000-0280,27.92,Americano
6/10/24,47:49.9,card,ANON-0000-0000-0281,37.72,Cappuccino
6/10/24,56:48.3,card,ANON-0000-0000-0097,37.72,Latte
6/10/24,04:28.1,card,ANON-0000-0000-0282,37.72,Hot Chocolate
6/10/24,05:22.8,card,ANON-0000-0000-0282,37.72,Hot Chocolate
6/10/24,37:23.6,card,ANON-0000-0000-0283,37.72,Latte
6/10/24,38:19.7,card,ANON-0000-0000-0283,37.72,Latte
6/11/24,38:04.0,card,ANON-0000-0000-0284,32.82,Americano with Milk
6/11/24,48:25.3,card,ANON-0000-0000-0285,37.72,Latte
6/11/24,49:36.4,card,ANON-0000-0000-0285,37.72,Latte
6/11/24,17:03.3,card,ANON-0000-0000-0286,37.72,Hot Chocolate
6/11/24,27:41.9,card,ANON-0000-0000-0287,32.82,Americano with Milk
6/11/24,28:50.2,card,ANON-0000-0000-0287,32.82,Americano with Milk
6/12/24,18:18.8,card,ANON-0000-0000-0288,37.72,Hot Chocolate
6/12/24,51:43.9,card,ANON-0000-0000-0289,37.72,Cappuccino
6/12/24,41:17.2,card,ANON-0000-0000-0283,37.72,Latte
6/12/24,47:27.9,card,ANON-0000-0000-0290,37.72,Latte
6/12/24,16:33.6,card,ANON-0000-0000-0256,37.72,Hot Chocolate
6/12/24,25:34.2,card,ANON-0000-0000-0291,32.82,Americano with Milk
6/13/24,54:24.2,card,ANON-0000-0000-0292,27.92,Americano
6/13/24,57:25.6,card,ANON-0000-0000-0097,37.72,Latte
6/13/24,50:25.0,card,ANON-0000-0000-0293,32.82,Americano with Milk
6/13/24,57:11.5,card,ANON-0000-0000-0141,27.92,Cortado
6/13/24,04:58.6,card,ANON-0000-0000-0294,32.82,Americano with Milk
6/13/24,27:46.6,card,ANON-0000-0000-0295,37.72,Hot Chocolate
6/13/24,22:19.1,card,ANON-0000-0000-0296,37.72,Latte
6/13/24,20:51.8,card,ANON-0000-0000-0012,32.82,Americano with Milk
6/13/24,43:46.0,card,ANON-0000-0000-0012,23.02,Espresso
6/13/24,45:00.6,card,ANON-0000-0000-0295,23.02,Espresso
6/13/24,48:17.9,card,ANON-0000-0000-0009,32.82,Americano with Milk
6/13/24,02:28.4,card,ANON-0000-0000-0009,32.82,Americano with Milk
6/14/24,46:13.2,card,ANON-0000-0000-0141,27.92,Cortado
6/14/24,30:31.6,card,ANON-0000-0000-0297,27.92,Americano
6/14/24,14:41.7,card,ANON-0000-0000-0097,37.72,Latte
6/14/24,29:53.4,card,ANON-0000-0000-0298,32.82,Americano with Milk
6/15/24,26:02.0,card,ANON-0000-0000-0299,37.72,Cappuccino
6/15/24,21:28.1,card,ANON-0000-0000-0300,37.72,Latte
6/15/24,22:46.9,card,ANON-0000-0000-0300,32.82,Americano with Milk
6/15/24,23:52.2,card,ANON-0000-0000-0300,23.02,Espresso
6/15/24,24:35.1,card,ANON-0000-0000-0300,37.72,Cocoa
6/15/24,25:24.0,card,ANON-0000-0000-0300,32.82,Americano with Milk
6/15/24,03:29.9,card,ANON-0000-0000-0301,32.82,Americano with Milk
6/15/24,14:04.6,card,ANON-0000-0000-0302,27.92,Americano
6/16/24,43:51.5,card,ANON-0000-0000-0059,32.82,Americano with Milk
6/16/24,58:41.4,card,ANON-0000-0000-0303,37.72,Latte
6/16/24,00:38.2,card,ANON-0000-0000-0303,37.72,Hot Chocolate
6/16/24,01:41.5,card,ANON-0000-0000-0303,37.72,Hot Chocolate
6/16/24,49:27.6,card,ANON-0000-0000-0276,32.82,Americano with Milk
6/16/24,00:39.0,card,ANON-0000-0000-0274,23.02,Espresso
6/16/24,02:36.3,card,ANON-0000-0000-0304,32.82,Americano with Milk
6/16/24,05:10.4,card,ANON-0000-0000-0304,32.82,Americano with Milk
6/16/24,43:59.6,card,ANON-0000-0000-0305,37.72,Hot Chocolate
6/16/24,47:36.5,card,ANON-0000-0000-0306,37.72,Hot Chocolate
6/16/24,45:17.3,card,ANON-0000-0000-0059,32.82,Americano with Milk
6/16/24,46:16.6,card,ANON-0000-0000-0059,32.82,Americano with Milk
6/17/24,57:24.0,card,ANON-0000-0000-0307,27.92,Americano
6/17/24,12:05.1,card,ANON-0000-0000-0308,27.92,Cortado
6/17/24,13:37.6,card,ANON-0000-0000-0308,27.92,Cortado
6/17/24,55:51.6,card,ANON-0000-0000-0042,37.72,Cappuccino
6/17/24,51:35.4,card,ANON-0000-0000-0164,37.72,Cappuccino
6/17/24,50:13.4,card,ANON-0000-0000-0012,37.72,Cappuccino
6/17/24,51:11.0,card,ANON-0000-0000-0012,37.72,Cappuccino
6/17/24,52:36.3,card,ANON-0000-0000-0012,27.92,Americano
6/17/24,51:19.6,card,ANON-0000-0000-0309,27.92,Americano
6/17/24,16:11.5,card,ANON-0000-0000-0009,32.82,Americano with Milk
6/18/24,04:06.1,card,ANON-0000-0000-0299,27.92,Americano
6/18/24,05:12.3,card,ANON-0000-0000-0299,37.72,Cappuccino
6/18/24,20:40.6,card,ANON-0000-0000-0154,37.72,Cappuccino
6/18/24,21:38.9,card,ANON-0000-0000-0154,37.72,Cappuccino
6/18/24,35:49.5,card,ANON-0000-0000-0310,27.92,Cortado
6/18/24,20:49.5,card,ANON-0000-0000-0012,32.82,Americano with Milk
6/18/24,22:18.5,card,ANON-0000-0000-0012,32.82,Americano with Milk
6/19/24,47:19.8,card,ANON-0000-0000-0311,37.72,Latte
6/19/24,17:54.5,card,ANON-0000-0000-0141,27.92,Cortado
6/19/24,54:00.5,card,ANON-0000-0000-0312,27.92,Americano
6/19/24,11:27.8,card,ANON-0000-0000-0313,37.72,Latte
6/19/24,12:31.4,card,ANON-0000-0000-0313,37.72,Cocoa
6/19/24,21:36.3,card,ANON-0000-0000-0164,32.82,Americano with Milk
6/19/24,28:43.4,card,ANON-0000-0000-0153,37.72,Cappuccino
6/19/24,29:59.0,card,ANON-0000-0000-0153,37.72,Latte
6/19/24,31:31.3,card,ANON-0000-0000-0009,32.82,Americano with Milk
6/19/24,28:59.5,card,ANON-0000-0000-0192,37.72,Cappuccino
6/19/24,30:03.5,card,ANON-0000-0000-0192,32.82,Americano with Milk
6/20/24,50:06.5,card,ANON-0000-0000-0097,37.72,Latte
6/20/24,59:02.1,card,ANON-0000-0000-0314,37.72,Latte
6/20/24,00:00.2,card,ANON-0000-0000-0314,37.72,Latte
6/20/24,39:10.0,card,ANON-0000-0000-0257,37.72,Latte
6/20/24,57:40.6,card,ANON-0000-0000-0009,37.72,Latte
6/20/24,59:17.6,card,ANON-0000-0000-0009,32.82,Americano with Milk
6/21/24,59:55.9,card,ANON-0000-0000-0311,37.72,Latte
6/21/24,01:40.2,card,ANON-0000-0000-0315,27.92,Americano
6/21/24,19:19.4,card,ANON-0000-0000-0012,32.82,Americano with Milk
6/21/24,20:31.5,card,ANON-0000-0000-0012,32.82,Americano with Milk
6/21/24,12:16.1,card,ANON-0000-0000-0316,23.02,Espresso
6/21/24,30:26.7,card,ANON-0000-0000-0009,37.72,Latte
6/21/24,47:06.2,card,ANON-0000-0000-0154,37.72,Cappuccino
6/21/24,48:06.7,card,ANON-0000-0000-0154,37.72,Cappuccino
6/21/24,49:54.5,card,ANON-0000-0000-0180,37.72,Cappuccino
6/21/24,51:00.2,card,ANON-0000-0000-0180,37.72,Cappuccino
6/21/24,52:18.8,card,ANON-0000-0000-0180,27.92,Americano
6/21/24,55:37.1,card,ANON-0000-0000-0311,32.82,Americano with Milk
6/22/24,39:50.3,card,ANON-0000-0000-0141,27.92,Cortado
6/22/24,37:48.8,card,ANON-0000-0000-0311,32.82,Americano with Milk
6/22/24,53:15.5,card,ANON-0000-0000-0317,32.82,Americano with Milk
6/22/24,37:20.1,card,ANON-0000-0000-0009,37.72,Latte
6/22/24,10:23.0,card,ANON-0000-0000-0318,37.72,Cappuccino
6/23/24,12:01.4,card,ANON-0000-0000-0012,32.82,Americano with Milk
6/23/24,13:50.6,card,ANON-0000-0000-0012,32.82,Americano with Milk
6/23/24,06:47.0,card,ANON-0000-0000-0319,37.72,Cappuccino
6/23/24,29:07.8,card,ANON-0000-0000-0320,37.72,Latte
6/23/24,30:36.4,card,ANON-0000-0000-0320,37.72,Cappuccino
6/24/24,44:39.9,card,ANON-0000-0000-0164,32.82,Americano with Milk
6/24/24,49:36.0,card,ANON-0000-0000-0180,37.72,Cappuccino
6/24/24,50:44.1,card,ANON-0000-0000-0180,37.72,Cappuccino
6/24/24,02:29.0,card,ANON-0000-0000-0321,37.72,Latte
6/24/24,46:00.6,card,ANON-0000-0000-0203,37.72,Cappuccino
6/24/24,47:00.4,card,ANON-0000-0000-0203,37.72,Cappuccino
6/25/24,19:24.2,card,ANON-0000-0000-0322,37.72,Latte
6/25/24,28:26.4,card,ANON-0000-0000-0012,32.82,Americano with Milk
6/25/24,29:42.4,card,ANON-0000-0000-0040,32.82,Americano with Milk
6/25/24,34:52.3,card,ANON-0000-0000-0203,37.72,Cappuccino
6/26/24,33:01.7,card,ANON-0000-0000-0323,37.72,Latte
6/26/24,32:29.5,card,ANON-0000-0000-0324,23.02,Espresso
6/26/24,34:01.6,card,ANON-0000-0000-0325,27.92,Americano
6/26/24,21:53.3,card,ANON-0000-0000-0009,37.72,Latte
6/26/24,27:00.8,card,ANON-0000-0000-0009,37.72,Cappuccino
6/26/24,28:14.6,card,ANON-0000-0000-0206,32.82,Americano with Milk
6/27/24,15:43.2,card,ANON-0000-0000-0326,32.82,Americano with Milk
6/27/24,11:48.0,card,ANON-0000-0000-0327,27.92,Cortado
6/27/24,44:03.4,card,ANON-0000-0000-0328,32.82,Americano with Milk
6/27/24,50:31.6,card,ANON-0000-0000-0329,37.72,Cappuccino
6/28/24,08:35.0,card,ANON-0000-0000-0141,27.92,Cortado
6/28/24,51:54.0,card,ANON-0000-0000-0274,23.02,Espresso
6/28/24,50:55.4,card,ANON-0000-0000-0330,32.82,Americano with Milk
6/28/24,52:01.9,card,ANON-0000-0000-0331,37.72,Latte
6/28/24,28:20.0,card,ANON-0000-0000-0332,37.72,Cappuccino
6/29/24,47:10.3,card,ANON-0000-0000-0097,32.82,Americano with Milk
6/29/24,40:19.6,card,ANON-0000-0000-0333,32.82,Americano with Milk
6/29/24,41:26.6,card,ANON-0000-0000-0333,32.82,Americano with Milk
6/29/24,30:24.4,card,ANON-0000-0000-0334,37.72,Cappuccino
6/29/24,31:42.6,card,ANON-0000-0000-0334,37.72,Cappuccino
6/29/24,23:43.6,card,ANON-0000-0000-0335,37.72,Cappuccino
6/29/24,24:52.4,card,ANON-0000-0000-0335,37.72,Hot Chocolate
6/29/24,27:22.4,card,ANON-0000-0000-0009,37.72,Latte
6/30/24,28:09.8,card,ANON-0000-0000-0336,37.72,Latte
6/30/24,05:50.6,card,ANON-0000-0000-0337,23.02,Espresso
6/30/24,54:41.7,card,ANON-0000-0000-0009,37.72,Hot Chocolate
6/30/24,04:09.7,card,ANON-0000-0000-0097,32.82,Americano with Milk
7/1/24,07:26.8,card,ANON-0000-0000-0012,23.02,Espresso
7/1/24,56:51.8,card,ANON-0000-0000-0338,37.72,Cappuccino
7/1/24,57:54.3,card,ANON-0000-0000-0339,37.72,Cappuccino
7/2/24,42:54.1,card,ANON-0000-0000-0304,32.82,Americano with Milk
7/2/24,45:00.6,card,ANON-0000-0000-0304,27.92,Americano
7/2/24,48:05.2,card,ANON-0000-0000-0019,37.72,Latte
7/2/24,03:13.2,card,ANON-0000-0000-0340,27.92,Americano
7/2/24,31:24.3,card,ANON-0000-0000-0341,32.82,Americano with Milk
7/2/24,02:23.6,card,ANON-0000-0000-0329,32.82,Americano with Milk
7/3/24,51:14.9,card,ANON-0000-0000-0012,32.82,Americano with Milk
7/3/24,01:16.6,card,ANON-0000-0000-0342,37.72,Cappuccino
7/3/24,50:25.2,card,ANON-0000-0000-0343,37.72,Cappuccino
7/3/24,53:15.6,card,ANON-0000-0000-0270,32.82,Americano with Milk
7/3/24,54:22.9,card,ANON-0000-0000-0344,32.82,Americano with Milk
7/3/24,55:31.4,card,ANON-0000-0000-0270,37.72,Latte
7/3/24,59:25.6,card,ANON-0000-0000-0345,23.02,Espresso
7/3/24,59:01.8,card,ANON-0000-0000-0346,37.72,Cappuccino
7/3/24,06:09.1,card,ANON-0000-0000-0009,37.72,Latte
7/4/24,26:23.7,card,ANON-0000-0000-0143,32.82,Americano with Milk
7/4/24,27:30.3,card,ANON-0000-0000-0012,27.92,Americano
7/5/24,20:28.7,card,ANON-0000-0000-0058,37.72,Cocoa
7/5/24,43:43.1,card,ANON-0000-0000-0040,32.82,Americano with Milk
7/5/24,44:43.8,card,ANON-0000-0000-0347,32.82,Americano with Milk
7/5/24,55:56.3,card,ANON-0000-0000-0348,23.02,Espresso
7/5/24,55:07.8,card,ANON-0000-0000-0099,27.92,Americano
7/5/24,11:56.5,card,ANON-0000-0000-0349,23.02,Espresso
7/5/24,18:03.3,card,ANON-0000-0000-0350,27.92,Americano
7/5/24,18:56.9,card,ANON-0000-0000-0350,27.92,Americano
7/5/24,20:01.1,card,ANON-0000-0000-0351,37.72,Cappuccino
7/5/24,21:09.5,card,ANON-0000-0000-0351,32.82,Americano with Milk
7/6/24,28:06.8,card,ANON-0000-0000-0352,37.72,Latte
7/6/24,15:46.0,card,ANON-0000-0000-0009,32.82,Latte
7/6/24,17:01.0,card,ANON-0000-0000-0009,32.82,Latte
7/6/24,09:46.1,card,ANON-0000-0000-0012,32.82,Latte
7/6/24,10:39.6,card,ANON-0000-0000-0012,27.92,Americano with Milk
7/7/24,04:20.2,card,ANON-0000-0000-0303,32.82,Cappuccino
7/7/24,14:29.2,card,ANON-0000-0000-0353,27.92,Americano with Milk
7/7/24,15:36.8,card,ANON-0000-0000-0353,27.92,Americano with Milk
7/7/24,28:48.9,card,ANON-0000-0000-0354,32.82,Cappuccino
7/7/24,29:56.2,card,ANON-0000-0000-0354,32.82,Cappuccino
7/7/24,56:30.2,card,ANON-0000-0000-0355,32.82,Hot Chocolate
7/7/24,57:47.4,card,ANON-0000-0000-0355,32.82,Cocoa
7/7/24,07:50.3,card,ANON-0000-0000-0356,32.82,Latte
7/7/24,33:27.2,card,ANON-0000-0000-0357,32.82,Cappuccino
7/7/24,01:31.7,card,ANON-0000-0000-0358,32.82,Hot Chocolate
7/7/24,33:36.3,card,ANON-0000-0000-0359,27.92,Americano with Milk
7/8/24,33:07.7,card,ANON-0000-0000-0360,32.82,Latte
7/8/24,02:50.4,card,ANON-0000-0000-0361,23.02,Americano
7/8/24,40:24.3,card,ANON-0000-0000-0362,23.02,Americano
7/8/24,30:35.0,card,ANON-0000-0000-0363,27.92,Americano with Milk
7/8/24,14:46.2,card,ANON-0000-0000-0019,32.82,Latte
7/9/24,26:52.1,card,ANON-0000-0000-0333,27.92,Americano with Milk
7/9/24,40:28.8,card,ANON-0000-0000-0276,27.92,Americano with Milk
7/9/24,21:36.1,card,ANON-0000-0000-0194,27.92,Americano with Milk
7/9/24,22:49.9,card,ANON-0000-0000-0194,32.82,Cappuccino
7/9/24,42:59.5,card,ANON-0000-0000-0364,27.92,Americano with Milk
7/10/24,10:41.7,card,ANON-0000-0000-0365,23.02,Americano
7/10/24,28:53.7,card,ANON-0000-0000-0366,27.92,Americano with Milk
7/10/24,13:10.0,card,ANON-0000-0000-0328,32.82,Latte
7/11/24,27:27.6,card,ANON-0000-0000-0367,32.82,Hot Chocolate
7/11/24,48:18.7,card,ANON-0000-0000-0368,27.92,Americano with Milk
7/11/24,22:13.6,card,ANON-0000-0000-0369,32.82,Latte
7/11/24,30:58.5,card,ANON-0000-0000-0370,23.02,Americano
7/12/24,03:17.5,card,ANON-0000-0000-0371,23.02,Cortado
7/12/24,48:33.4,card,ANON-0000-0000-0372,32.82,Hot Chocolate
7/12/24,33:25.6,card,ANON-0000-0000-0178,32.82,Hot Chocolate
7/12/24,34:14.3,card,ANON-0000-0000-0177,32.82,Hot Chocolate
7/12/24,35:29.5,card,ANON-0000-0000-0179,32.82,Hot Chocolate
7/13/24,38:10.3,card,ANON-0000-0000-0365,32.82,Latte
7/13/24,41:38.1,card,ANON-0000-0000-0365,32.82,Latte
7/14/24,54:24.3,card,ANON-0000-0000-0373,23.02,Americano
7/14/24,55:30.5,card,ANON-0000-0000-0373,27.92,Americano with Milk
7/14/24,56:30.3,card,ANON-0000-0000-0373,32.82,Cappuccino
7/14/24,57:54.1,card,ANON-0000-0000-0374,32.82,Latte
7/14/24,02:11.8,card,ANON-0000-0000-0375,23.02,Americano
7/14/24,31:30.0,card,ANON-0000-0000-0376,32.82,Latte
7/15/24,33:05.6,card,ANON-0000-0000-0377,32.82,Cappuccino
7/16/24,23:37.5,card,ANON-0000-0000-0378,27.92,Americano with Milk
7/16/24,29:25.5,card,ANON-0000-0000-0367,32.82,Hot Chocolate
7/17/24,04:59.7,card,ANON-0000-0000-0379,27.92,Americano with Milk
7/18/24,10:13.4,card,ANON-0000-0000-0380,27.92,Americano with Milk
7/18/24,11:23.4,card,ANON-0000-0000-0381,18.12,Espresso
7/18/24,32:59.6,card,ANON-0000-0000-0059,23.02,Americano
7/18/24,34:48.4,card,ANON-0000-0000-0059,23.02,Americano
7/18/24,35:51.5,card,ANON-0000-0000-0059,23.02,Cortado
7/18/24,23:33.8,card,ANON-0000-0000-0375,32.82,Latte
7/18/24,18:23.4,card,ANON-0000-0000-0382,32.82,Cappuccino
7/18/24,30:50.6,card,ANON-0000-0000-0009,32.82,Latte
7/18/24,19:41.8,card,ANON-0000-0000-0383,32.82,Hot Chocolate
7/18/24,21:59.9,card,ANON-0000-0000-0383,32.82,Latte
7/18/24,46:18.7,card,ANON-0000-0000-0384,32.82,Latte
7/19/24,03:02.3,card,ANON-0000-0000-0375,23.02,Americano
7/19/24,16:20.5,card,ANON-0000-0000-0385,27.92,Americano with Milk
7/19/24,58:37.6,card,ANON-0000-0000-0386,32.82,Latte
7/19/24,59:55.4,card,ANON-0000-0000-0386,27.92,Americano with Milk
7/19/24,09:20.7,card,ANON-0000-0000-0384,32.82,Latte
7/19/24,11:22.1,card,ANON-0000-0000-0384,32.82,Cocoa
7/19/24,36:19.3,card,ANON-0000-0000-0384,32.82,Latte
7/19/24,37:35.8,card,ANON-0000-0000-0384,32.82,Latte
7/20/24,05:44.5,card,ANON-0000-0000-0387,23.02,Americano
7/20/24,06:48.7,card,ANON-0000-0000-0387,32.82,Latte
7/20/24,07:51.4,card,ANON-0000-0000-0387,23.02,Americano
7/20/24,00:53.6,card,ANON-0000-0000-0388,32.82,Latte
7/20/24,02:27.8,card,ANON-0000-0000-0389,32.82,Latte
7/20/24,39:21.0,card,ANON-0000-0000-0390,23.02,Americano
7/20/24,15:09.2,card,ANON-0000-0000-0391,32.82,Latte
7/21/24,30:55.8,card,ANON-0000-0000-0367,32.82,Cocoa
7/21/24,39:28.8,card,ANON-0000-0000-0392,32.82,Cappuccino
7/21/24,34:30.8,card,ANON-0000-0000-0393,23.02,Cortado
7/21/24,42:31.4,card,ANON-0000-0000-0394,32.82,Latte
7/22/24,13:23.1,card,ANON-0000-0000-0375,23.02,Americano
7/22/24,40:49.6,card,ANON-0000-0000-0395,23.02,Americano
7/22/24,15:37.3,card,ANON-0000-0000-0385,27.92,Americano with Milk
7/22/24,44:37.6,card,ANON-0000-0000-0396,32.82,Latte
7/23/24,12:56.2,card,ANON-0000-0000-0197,32.82,Latte
7/23/24,40:19.0,card,ANON-0000-0000-0395,23.02,Americano
7/23/24,44:53.8,card,ANON-0000-0000-0397,27.92,Americano with Milk
7/23/24,49:25.1,card,ANON-0000-0000-0398,32.82,Cocoa
7/23/24,51:10.4,card,ANON-0000-0000-0399,32.82,Latte
7/23/24,01:45.7,card,ANON-0000-0000-0375,23.02,Americano
7/23/24,03:36.5,card,ANON-0000-0000-0400,27.92,Americano with Milk
7/23/24,20:05.0,card,ANON-0000-0000-0401,27.92,Americano with Milk
7/23/24,21:01.3,card,ANON-0000-0000-0401,32.82,Latte
7/23/24,01:40.6,card,ANON-0000-0000-0009,32.82,Latte
7/23/24,23:13.5,card,ANON-0000-0000-0012,23.02,Americano
7/23/24,24:22.6,card,ANON-0000-0000-0012,23.02,Americano
7/24/24,16:09.8,card,ANON-0000-0000-0097,27.92,Americano with Milk
7/24/24,38:55.0,card,ANON-0000-0000-0385,27.92,Americano with Milk
7/24/24,54:37.5,card,ANON-0000-0000-0402,18.12,Espresso
7/24/24,43:53.1,card,ANON-0000-0000-0379,32.82,Cappuccino
7/24/24,55:13.8,card,ANON-0000-0000-0399,32.82,Latte
7/24/24,45:49.8,card,ANON-0000-0000-0012,18.12,Espresso
7/24/24,18:30.5,card,ANON-0000-0000-0009,32.82,Latte
7/24/24,15:05.7,card,ANON-0000-0000-0205,32.82,Cappuccino
7/24/24,16:59.8,card,ANON-0000-0000-0205,32.82,Cappuccino
7/24/24,17:36.8,card,ANON-0000-0000-0040,27.92,Americano with Milk
7/24/24,18:41.3,card,ANON-0000-0000-0040,23.02,Americano
7/24/24,25:17.5,card,ANON-0000-0000-0012,23.02,Americano
7/25/24,54:47.9,card,ANON-0000-0000-0012,23.02,Americano
7/25/24,49:18.4,card,ANON-0000-0000-0399,32.82,Latte
7/25/24,29:44.6,card,ANON-0000-0000-0385,27.92,Americano with Milk
7/25/24,26:04.7,card,ANON-0000-0000-0375,23.02,Americano
7/25/24,25:06.5,card,ANON-0000-0000-0403,32.82,Cappuccino
7/25/24,21:00.8,card,ANON-0000-0000-0257,32.82,Cappuccino
7/25/24,06:01.3,card,ANON-0000-0000-0404,23.02,Cortado
7/25/24,06:50.0,card,ANON-0000-0000-0404,18.12,Espresso
7/25/24,38:51.3,card,ANON-0000-0000-0328,23.02,Cortado
7/25/24,39:46.8,card,ANON-0000-0000-0405,32.82,Cocoa
7/26/24,33:01.3,card,ANON-0000-0000-0406,32.82,Latte
7/26/24,19:37.4,card,ANON-0000-0000-0097,27.92,Americano with Milk
7/26/24,20:34.3,card,ANON-0000-0000-0059,18.12,Espresso
7/26/24,33:11.5,card,ANON-0000-0000-0407,23.02,Cortado
7/26/24,34:16.6,card,ANON-0000-0000-0407,23.02,Cortado
7/26/24,59:07.9,card,ANON-0000-0000-0408,32.82,Latte
7/26/24,00:02.7,card,ANON-0000-0000-0408,32.82,Latte
7/26/24,47:13.9,card,ANON-0000-0000-0385,27.92,Americano with Milk
7/26/24,07:01.7,card,ANON-0000-0000-0379,27.92,Americano with Milk
7/26/24,28:08.0,card,ANON-0000-0000-0339,32.82,Cappuccino
7/26/24,29:17.7,card,ANON-0000-0000-0339,32.82,Cappuccino
7/26/24,09:56.1,card,ANON-0000-0000-0409,32.82,Latte
7/26/24,23:29.3,card,ANON-0000-0000-0410,23.02,Americano
7/26/24,58:29.2,card,ANON-0000-0000-0411,32.82,Cappuccino
7/26/24,15:09.6,card,ANON-0000-0000-0009,32.82,Latte
7/26/24,49:52.3,card,ANON-0000-0000-0412,27.92,Americano with Milk